<?xml version="1.0" encoding="utf-8" standalone="yes" ?>
<?xml-stylesheet type="text/xsl" href="modx.prosilver.en.xsl"?>
<!--For security purposes, please check: http
://www.phpbb.com/mods/ for the latest version of this MOD. Although MODs are checked before being allowed in the MODs Database there is no guarantee that there are no security problems within the MOD. No support will be given for MODs not found within the MODs Database which can be found at http://www.phpbb.com/mods/-->
<mod xmlns:xsi="http://www.w3.org/2001/XMLSchema-instance" xmlns="http://www.phpbb.com/mods/xml/modx-1.2.5.xsd">
	<header>
		<meta name="generator" content="Bluefish 2.2.2" />
		<license><![CDATA[http://opensource.org/licenses/gpl-license.php GNU General Public License v2]]></license>
		<title lang="en"><![CDATA[StopForumSpam Hook]]></title>
		<description lang="en"><![CDATA[This hook will query the database of SFS and check if the IP is listed. If it comes back positive, then the user is notified about it, and the application exits.]]></description>
		<author-notes lang="en"><![CDATA[The original code was based from work by Maurice Randall, but I have wrapped it up, modernized it a bit and made it into a hook. So just drop the file into ./includes/hooks and you're good to go.
If you want to test it, try using one of those anonymizer services (i.e anonymouse.org) and try to visit the registration page]]></author-notes>
		<github><![CDATA[https://github.com/k0nsl/phpBB-SFS-hook]]></github>
		<author-group>
			<author>
				<username><![CDATA[k0nsl]]></username>
				<homepage><![CDATA[http://k0nsl.org/blog/]]></homepage>
				<email><![CDATA[i.am@k0nsl.org]]></email>
			</author>
		</author-group>
		<mod-version>0.1</mod-version>
		<installation>
			<level>easy</level>
			<target-version>3.0.11</target-version>
		</installation>
	</header>
	<action-group>
		<copy>
			<file from="root/includes/hooks/hook_stop_forumspam.php" to="root/includes/hooks/"/>
		</copy>
		<diy-instructions lang="en"><![CDATA[Just drop the file "hook_stop_forumspam.php" into ./includes/hooks and you're good to go.]]></diy-instructions>
	</action-group>
</mod>
